{"cameraMode":{"drawMode":0,"name":"Shaded","section":"Shading Mode"},"sceneLighting":false,"audioPlay":false,"sceneViewState":{"showFog":true,"showMaterialUpdate":false,"showSkybox":false,"showFlares":true,"showImageEffects":true,"showParticleSystems":true},"in2DMode":false,"pivot":{"x":-5.299941062927246,"y":7.019380569458008,"z":4.757458686828613},"rotation":{"x":0.06377824395895004,"y":0.9007887244224548,"z":-0.14167416095733643,"w":0.40551307797431948},"size":6.019958972930908,"orthographic":false}